round,cid,loss,accuracy,f1,adaptive_epochs,selected
1,S10,0.05127046689310303,1.0,1.0,0,True
1,S11,0.16925215140662161,0.9782608695652174,0.96875,0,True
1,S13,0.0901051139355693,0.989010989010989,0.9850746268656716,0,True
1,S14,0.05561653388537516,1.0,1.0,0,True
1,S15,0.08976997371113847,1.0,1.0,0,True
1,S16,0.0783252475265861,1.0,1.0,0,True
1,S17,0.07744574433251213,1.0,1.0,0,True
1,S2,0.5077907184912586,0.6091954022988506,0.2916666666666667,0,True
1,S3,0.32566661391164664,0.8522727272727273,0.7936507936507938,0,True
1,S4,0.06711086807740708,0.9886363636363636,0.9846153846153847,0,True
1,S5,0.07549916717039713,1.0,1.0,0,True
1,S6,0.1855580849602495,0.9222222222222223,0.898550724637681,0,True
1,S7,0.06527340862755197,1.0,1.0,0,True
1,S8,0.5695860095207235,0.6923076923076923,0.0,0,True
1,S9,0.06609480092422129,1.0,1.0,0,True
2,S10,0.018851242141788693,1.0,1.0,0,True
2,S11,0.08050836715119727,1.0,1.0,0,True
2,S13,0.04267287281436555,0.989010989010989,0.9850746268656716,0,True
2,S14,0.020243261005345403,1.0,1.0,0,True
2,S15,0.029421405990343118,1.0,1.0,0,True
2,S16,0.03389100285845855,1.0,1.0,0,True
2,S17,0.03347150341364154,1.0,1.0,0,True
2,S2,0.4456784371859366,0.7241379310344828,0.5862068965517242,0,True
2,S3,0.30452834657307104,0.8863636363636364,0.8484848484848485,0,True
2,S4,0.03067930943957413,0.9886363636363636,0.9846153846153847,0,True
2,S5,0.022511629643990692,1.0,1.0,0,True
2,S6,0.09959980451043068,0.9555555555555556,0.9393939393939393,0,True
2,S7,0.022540777119584562,1.0,1.0,0,True
2,S8,0.5009400645532426,0.7142857142857143,0.13333333333333333,0,True
2,S9,0.031697705841647696,1.0,1.0,0,True
3,S10,0.010572588546369326,1.0,1.0,0,True
3,S11,0.05166110955935167,1.0,1.0,0,True
3,S13,0.0265915752796394,1.0,1.0,0,True
3,S14,0.011615314988959262,1.0,1.0,0,True
3,S15,0.015384172081266965,1.0,1.0,0,True
3,S16,0.02109772459655229,1.0,1.0,0,True
3,S17,0.020368273572381333,1.0,1.0,0,True
3,S2,0.4138233593246253,0.7931034482758621,0.7272727272727272,0,True
3,S3,0.2944235560509032,0.8863636363636364,0.8484848484848485,0,True
3,S4,0.020210600501066718,0.9886363636363636,0.9846153846153847,0,True
3,S5,0.011704878554739074,1.0,1.0,0,True
3,S6,0.07740484158300909,0.9666666666666667,0.9538461538461539,0,True
3,S7,0.01227711486701023,1.0,1.0,0,True
3,S8,0.4257096337811223,0.7912087912087912,0.4864864864864865,0,True
3,S9,0.02111140240697326,1.0,1.0,0,True
4,S10,0.0070724119330636565,1.0,1.0,0,True
4,S11,0.03797790194363297,1.0,1.0,0,True
4,S13,0.018938752502435444,1.0,1.0,0,True
4,S14,0.007995217518101444,1.0,1.0,0,True
4,S15,0.009898331539347256,1.0,1.0,0,True
4,S16,0.015057839938837825,1.0,1.0,0,True
4,S17,0.01435746510671267,1.0,1.0,0,True
4,S2,0.39303320445516376,0.7931034482758621,0.7272727272727272,0,True
4,S3,0.2857368219827591,0.8977272727272727,0.8656716417910447,0,True
4,S4,0.015171086500707542,1.0,1.0,0,True
4,S5,0.007435129950460218,1.0,1.0,0,True
4,S6,0.06455305747990156,0.9666666666666667,0.9538461538461539,0,True
4,S7,0.0080732793775517,1.0,1.0,0,True
4,S8,0.36543185046262505,0.8791208791208791,0.7555555555555554,0,True
4,S9,0.015993522458555013,1.0,1.0,0,True
5,S10,0.005210456652655083,1.0,1.0,0,True
5,S11,0.03031239098320039,1.0,1.0,0,True
5,S13,0.014660869635391283,1.0,1.0,0,True
5,S14,0.006061586246600152,1.0,1.0,0,True
5,S15,0.007115031444923958,1.0,1.0,0,True
5,S16,0.011592652887336727,1.0,1.0,0,True
5,S17,0.010975429615855901,1.0,1.0,0,True
5,S2,0.3755858423951572,0.8275862068965517,0.7826086956521738,0,True
5,S3,0.2787251610537409,0.9204545454545454,0.8955223880597014,0,True
5,S4,0.012221041626148926,1.0,1.0,0,True
5,S5,0.005243513554593769,1.0,1.0,0,True
5,S6,0.05564754181590734,0.9666666666666667,0.9538461538461539,0,True
5,S7,0.005894754296784625,1.0,1.0,0,True
5,S8,0.341751981882983,0.9010989010989011,0.8085106382978724,0,True
5,S9,0.012984562593944577,1.0,1.0,0,True
6,S10,0.004063444445894176,1.0,1.0,0,True
6,S11,0.025518457317825663,1.0,1.0,0,True
6,S13,0.011924075292285256,1.0,1.0,0,True
6,S14,0.004871568383476666,1.0,1.0,0,True
6,S15,0.005469848035318098,1.0,1.0,0,True
6,S16,0.009358247627856739,1.0,1.0,0,True
6,S17,0.008868386988311643,1.0,1.0,0,True
6,S2,0.35997646849301046,0.8160919540229885,0.7647058823529411,0,True
6,S3,0.2734320629412857,0.9204545454545454,0.8955223880597014,0,True
6,S4,0.010253107496963313,1.0,1.0,0,True
6,S5,0.003948372313337681,1.0,1.0,0,True
6,S6,0.04884714075140523,0.9777777777777777,0.96875,0,True
6,S7,0.004584954465607163,1.0,1.0,0,True
6,S8,0.348716350794207,0.8791208791208791,0.7555555555555554,0,True
6,S9,0.010947104107383638,1.0,1.0,0,True
7,S10,0.003295201899188955,1.0,1.0,0,True
7,S11,0.022210317092257875,1.0,1.0,0,True
7,S13,0.010021843556118385,1.0,1.0,0,True
7,S14,0.004070511906885926,1.0,1.0,0,True
7,S15,0.004402015243766373,1.0,1.0,0,True
7,S16,0.007824070977013146,1.0,1.0,0,True
7,S17,0.0074589754904806375,1.0,1.0,0,True
7,S2,0.3441499392009129,0.8390804597701149,0.7999999999999999,0,True
7,S3,0.26972536993113033,0.9204545454545454,0.8955223880597014,0,True
7,S4,0.008834763681683335,1.0,1.0,0,True
7,S5,0.0031128787749374882,1.0,1.0,0,True
7,S6,0.0433196759787309,0.9777777777777777,0.96875,0,True
7,S7,0.003724214215332783,1.0,1.0,0,True
7,S8,0.3496186544242195,0.8571428571428571,0.6976744186046512,0,True
7,S9,0.0094797688538737,1.0,1.0,0,True
8,S10,0.0027461050915552326,1.0,1.0,0,True
8,S11,0.019704509484327143,1.0,1.0,0,True
8,S13,0.008601124463776788,1.0,1.0,0,True
8,S14,0.0035073624437071886,1.0,1.0,0,True
8,S15,0.003659438768151096,1.0,1.0,0,True
8,S16,0.006726541054586842,1.0,1.0,0,True
8,S17,0.0064817690963624545,1.0,1.0,0,True
8,S2,0.32769326725621406,0.8505747126436781,0.8169014084507044,0,True
8,S3,0.2674285473929213,0.9204545454545454,0.8955223880597014,0,True
8,S4,0.007748572641982504,1.0,1.0,0,True
8,S5,0.0025430266849071625,1.0,1.0,0,True
8,S6,0.038479773896503915,0.9777777777777777,0.96875,0,True
8,S7,0.0031169448535164697,1.0,1.0,0,True
8,S8,0.3399601127681689,0.8681318681318682,0.7272727272727273,0,True
8,S9,0.008370520532266666,1.0,1.0,0,True
9,S10,0.0023404432556527344,1.0,1.0,0,True
9,S11,0.017609422630436782,1.0,1.0,0,True
9,S13,0.00750578143046156,1.0,1.0,0,True
9,S14,0.0031021921401734537,1.0,1.0,0,True
9,S15,0.0031212732648502007,1.0,1.0,0,True
9,S16,0.005945190047465434,1.0,1.0,0,True
9,S17,0.005777443658592918,1.0,1.0,0,True
9,S2,0.3100572121169021,0.896551724137931,0.8799999999999999,0,True
9,S3,0.2662767994585288,0.9204545454545454,0.8955223880597014,0,True
9,S4,0.006896558648942586,1.0,1.0,0,True
9,S5,0.002146500940572858,1.0,1.0,0,True
9,S6,0.03415798285486682,0.9777777777777777,0.96875,0,True
9,S7,0.0026744477994531763,1.0,1.0,0,True
9,S8,0.34792762928843257,0.8571428571428571,0.6976744186046512,0,True
9,S9,0.0075277059373793625,1.0,1.0,0,True
10,S10,0.002025690840293505,1.0,1.0,0,True
10,S11,0.015817163554225355,1.0,1.0,0,True
10,S13,0.006683182540775226,1.0,1.0,0,True
10,S14,0.0027992202292414997,1.0,1.0,0,True
10,S15,0.00271232213922003,1.0,1.0,0,True
10,S16,0.005345340786082999,1.0,1.0,0,True
10,S17,0.00524292288368342,1.0,1.0,0,True
10,S2,0.29193787697495416,0.896551724137931,0.8799999999999999,0,True
10,S3,0.2661389548554214,0.9204545454545454,0.8955223880597014,0,True
10,S4,0.006231958084801056,1.0,1.0,0,True
10,S5,0.0018465400392926204,1.0,1.0,0,True
10,S6,0.03058890823995222,0.9888888888888889,0.9841269841269841,0,True
10,S7,0.002351202400221691,1.0,1.0,0,True
10,S8,0.3962145729450217,0.8571428571428571,0.6976744186046512,0,True
10,S9,0.006852337490823234,1.0,1.0,0,True
11,S10,0.0017830721844183496,1.0,1.0,0,True
11,S11,0.014386024861631382,1.0,1.0,0,True
11,S13,0.0060399467334309054,1.0,1.0,0,True
11,S14,0.0025632996945378354,1.0,1.0,0,True
11,S15,0.002393313585741163,1.0,1.0,0,True
11,S16,0.004880728941900099,1.0,1.0,0,True
11,S17,0.004814985314030082,1.0,1.0,0,True
11,S2,0.27363801351163275,0.896551724137931,0.8799999999999999,0,True
11,S3,0.2664862500481055,0.9204545454545454,0.8955223880597014,0,True
11,S4,0.005693458641656116,1.0,1.0,0,True
11,S5,0.0016200964141143963,1.0,1.0,0,True
11,S6,0.027343584823973574,0.9888888888888889,0.9841269841269841,0,True
11,S7,0.0021010369185099904,1.0,1.0,0,True
11,S8,0.40235474760316065,0.8571428571428571,0.6976744186046512,0,True
11,S9,0.006300981798227164,1.0,1.0,0,True
12,S10,0.001591527594293297,1.0,1.0,0,True
12,S11,0.013217540521255566,1.0,1.0,0,True
12,S13,0.005530367332762947,1.0,1.0,0,True
12,S14,0.0023661505042053953,1.0,1.0,0,True
12,S15,0.0021316028575568734,1.0,1.0,0,True
12,S16,0.0044805932919981285,1.0,1.0,0,True
12,S17,0.004415456267611248,1.0,1.0,0,True
12,S2,0.2553046589713444,0.896551724137931,0.8799999999999999,0,True
12,S3,0.2672791304721032,0.9204545454545454,0.8955223880597014,0,True
12,S4,0.005245115585653693,1.0,1.0,0,True
12,S5,0.0014253883599537466,1.0,1.0,0,True
12,S6,0.024621925928831497,1.0,1.0,0,True
12,S7,0.0018901282404596375,1.0,1.0,0,True
12,S8,0.39417210230666705,0.8571428571428571,0.6976744186046512,0,True
12,S9,0.005823999483453115,1.0,1.0,0,True
13,S10,0.0014375608822098367,1.0,1.0,0,True
13,S11,0.012273833612499232,1.0,1.0,0,True
13,S13,0.0050952401177640876,1.0,1.0,0,True
13,S14,0.0021938249496711412,1.0,1.0,0,True
13,S15,0.0019152907674719489,1.0,1.0,0,True
13,S16,0.004144675204247711,1.0,1.0,0,True
13,S17,0.004066349669978788,1.0,1.0,0,True
13,S2,0.23869898806103707,0.9195402298850575,0.9090909090909091,0,True
13,S3,0.2685291524395815,0.9204545454545454,0.8955223880597014,0,True
13,S4,0.004859442613849782,1.0,1.0,0,True
13,S5,0.0012723707320437404,1.0,1.0,0,True
13,S6,0.022095154383997413,1.0,1.0,0,True
13,S7,0.0017102439698748627,1.0,1.0,0,True
13,S8,0.36219845786839133,0.8571428571428571,0.6976744186046512,0,True
13,S9,0.005419400008131227,1.0,1.0,0,True
14,S10,0.0013110338803319908,1.0,1.0,0,True
14,S11,0.011470999032069133,1.0,1.0,0,True
14,S13,0.004732676732925412,1.0,1.0,0,True
14,S14,0.002043742252840377,1.0,1.0,0,True
14,S15,0.0017332724131542373,1.0,1.0,0,True
14,S16,0.0038547444200759512,1.0,1.0,0,True
14,S17,0.0037614197042971564,1.0,1.0,0,True
14,S2,0.2247851212689161,0.9195402298850575,0.9090909090909091,0,True
14,S3,0.2699053755907499,0.9204545454545454,0.8955223880597014,0,True
14,S4,0.00452756040434072,1.0,1.0,0,True
14,S5,0.0011452047365941146,1.0,1.0,0,True
14,S6,0.019939713200233723,1.0,1.0,0,True
14,S7,0.0015584655486508812,1.0,1.0,0,True
14,S8,0.3368409128861574,0.8681318681318682,0.7272727272727273,0,True
14,S9,0.005067256185771795,1.0,1.0,0,True
15,S10,0.001203124478825325,1.0,1.0,0,True
15,S11,0.010818221058514457,1.0,1.0,0,True
15,S13,0.0044288963221950075,1.0,1.0,0,True
15,S14,0.0019122709244953036,1.0,1.0,0,True
15,S15,0.0015786563814950022,1.0,1.0,0,True
15,S16,0.00359292487262243,1.0,1.0,0,True
15,S17,0.0034898092079909734,1.0,1.0,0,True
15,S2,0.21276499182495665,0.9310344827586207,0.923076923076923,0,True
15,S3,0.27155166974843326,0.9204545454545454,0.8955223880597014,0,True
15,S4,0.004240492334646521,1.0,1.0,0,True
15,S5,0.0010338694021989987,1.0,1.0,0,True
15,S6,0.01809937337510901,1.0,1.0,0,True
15,S7,0.0014286506182468242,1.0,1.0,0,True
15,S8,0.31860159816622735,0.8791208791208791,0.7555555555555554,0,True
15,S9,0.004750658945747772,1.0,1.0,0,True
